{"cameraMode":{"drawMode":0,"name":"Shaded","section":"Shading Mode"},"sceneLighting":false,"audioPlay":false,"sceneViewState":{"showFog":true,"showMaterialUpdate":true,"showSkybox":false,"showFlares":true,"showImageEffects":true,"showParticleSystems":true,"showVisualEffectGraphs":true,"m_FxEnabled":true},"in2DMode":false,"pivot":{"x":0.4894289970397949,"y":0.5833938121795654,"z":0.007389068603515625},"rotation":{"x":-0.022787954658269883,"y":-0.04138064756989479,"z":0.000944085419178009,"w":-0.9988839626312256},"size":2.0660252571105959,"orthographic":false}