{"cameraMode":{"drawMode":0,"name":"Shaded","section":"Shading Mode"},"sceneLighting":true,"audioPlay":false,"sceneViewState":{"showFog":true,"showMaterialUpdate":true,"showSkybox":true,"showFlares":true,"showImageEffects":true,"showParticleSystems":true,"showVisualEffectGraphs":true,"m_FxEnabled":true},"in2DMode":false,"pivot":{"x":9.118249893188477,"y":0.7680156826972961,"z":-0.3016620874404907},"rotation":{"x":-0.0018096654675900937,"y":-0.006902612745761871,"z":0.000009890515684674028,"w":-0.9999632835388184},"size":106.26448822021485,"orthographic":false}